order_id,shoe_brand,date_received,month,day_of_week,expected_release_date,claimed_date,completion_days,branch,basic_cleaning,minor_reglue,full_reglue,minor_restoration,full_restoration,color_renewal,unyellowing,priority_level,order_grand_total
2,Asics,2025-08-15 00:00:00,8,4,2025-08-19 00:00:00,2025-08-19 00:00:00,4,Villamor,1,0,0,0,0,0,0,regular,2460.0
2,Onitsuka Tiger,2025-08-15 00:00:00,8,4,2025-08-19 00:00:00,2025-08-19 00:00:00,4,Villamor,1,0,0,0,0,0,0,regular,2460.0
2,Nike,2025-08-15 00:00:00,8,4,2025-08-19 00:00:00,2025-08-19 00:00:00,4,Villamor,1,0,0,0,0,0,0,regular,2460.0
2,On Cloud,2025-08-15 00:00:00,8,4,2025-08-19 00:00:00,2025-08-19 00:00:00,4,Villamor,1,0,0,0,0,0,0,regular,2460.0
2,Nike,2025-08-15 00:00:00,8,4,2025-08-19 00:00:00,2025-08-19 00:00:00,4,Villamor,1,0,0,0,0,0,0,regular,2460.0
2,Onitsuka Tiger,2025-08-15 00:00:00,8,4,2025-08-19 00:00:00,2025-08-19 00:00:00,4,Villamor,1,0,0,0,0,0,0,regular,2460.0
2,Michael Kors,2025-08-15 00:00:00,8,4,2025-08-19 00:00:00,2025-08-19 00:00:00,4,Villamor,0,0,1,0,0,0,0,regular,2460.0
2,Nike,2025-08-15 00:00:00,8,4,2025-08-19 00:00:00,2025-08-19 00:00:00,4,Villamor,0,1,0,0,0,0,0,regular,2460.0
3,Converse,2025-08-15 00:00:00,8,4,2025-08-19 00:00:00,2025-08-19 00:00:00,4,Villamor,1,0,0,0,0,0,0,regular,1631.25
3,Converse,2025-08-15 00:00:00,8,4,2025-08-19 00:00:00,2025-08-19 00:00:00,4,Villamor,1,0,0,0,0,0,0,regular,1631.25
3,Nike,2025-08-15 00:00:00,8,4,2025-08-19 00:00:00,2025-08-19 00:00:00,4,Villamor,1,0,0,0,0,0,0,regular,1631.25
3,Nike,2025-08-15 00:00:00,8,4,2025-08-19 00:00:00,2025-08-19 00:00:00,4,Villamor,0,1,0,0,0,0,1,regular,1631.25
3,Nike,2025-08-15 00:00:00,8,4,2025-08-19 00:00:00,2025-08-19 00:00:00,4,Villamor,1,0,0,0,0,0,0,regular,1631.25
4,Adidas,2025-08-15 00:00:00,8,4,2025-08-19 00:00:00,2025-08-19 00:00:00,4,Villamor,1,0,0,0,0,0,0,regular,552.0
4,Adidas,2025-08-15 00:00:00,8,4,2025-08-19 00:00:00,2025-08-19 00:00:00,4,Villamor,1,0,0,0,0,0,0,regular,552.0
5,Gucci,2025-08-15 00:00:00,8,4,2025-08-19 00:00:00,2025-08-19 00:00:00,4,Villamor,1,0,0,0,0,0,0,regular,901.25
5,Chanel,2025-08-15 00:00:00,8,4,2025-08-19 00:00:00,2025-08-19 00:00:00,4,Villamor,1,0,0,0,0,0,0,regular,901.25
6,Cole Haan,2025-08-15 00:00:00,8,4,2025-08-25 00:00:00,2025-08-25 00:00:00,10,Villamor,1,0,0,0,0,0,0,regular,552.5
6,Michael Kors,2025-08-15 00:00:00,8,4,2025-08-25 00:00:00,2025-08-25 00:00:00,10,Villamor,1,0,0,0,0,0,0,regular,552.5
7,Sperry,2025-08-18 00:00:00,8,0,2025-08-21 00:00:00,2025-08-21 00:00:00,3,Villamor,1,0,0,0,0,0,0,regular,3000.0
7,Adidas,2025-08-18 00:00:00,8,0,2025-08-21 00:00:00,2025-08-21 00:00:00,3,Villamor,1,0,0,0,0,0,0,regular,3000.0
7,Nike,2025-08-18 00:00:00,8,0,2025-08-21 00:00:00,2025-08-21 00:00:00,3,Villamor,1,0,0,0,0,0,0,regular,3000.0
7,Asics,2025-08-18 00:00:00,8,0,2025-08-21 00:00:00,2025-08-21 00:00:00,3,Villamor,1,0,0,0,0,0,0,regular,3000.0
7,Fila,2025-08-18 00:00:00,8,0,2025-08-21 00:00:00,2025-08-21 00:00:00,3,Villamor,1,0,0,0,0,0,1,regular,3000.0
7,Nike,2025-08-18 00:00:00,8,0,2025-08-21 00:00:00,2025-08-21 00:00:00,3,Villamor,1,0,0,0,0,0,1,regular,3000.0
7,Nike,2025-08-18 00:00:00,8,0,2025-08-21 00:00:00,2025-08-21 00:00:00,3,Villamor,1,0,0,0,0,0,1,regular,3000.0
8,Adidas,2025-08-19 00:00:00,8,1,2025-09-13 00:00:00,2025-09-13 00:00:00,25,Villamor,0,1,1,1,0,0,0,regular,1375.0
8,Puma,2025-08-19 00:00:00,8,1,2025-09-13 00:00:00,2025-09-13 00:00:00,25,Villamor,0,0,1,0,0,0,0,regular,1375.0
9,Dr. Martens,2025-08-19 00:00:00,8,1,2025-08-29 00:00:00,2025-08-29 00:00:00,10,Villamor,1,0,0,0,0,0,0,regular,1100.0
9,Sperry,2025-08-19 00:00:00,8,1,2025-08-29 00:00:00,2025-08-29 00:00:00,10,Villamor,1,0,0,0,0,0,0,regular,1100.0
9,Nike,2025-08-19 00:00:00,8,1,2025-08-29 00:00:00,2025-08-29 00:00:00,10,Villamor,1,0,0,0,0,0,1,regular,1100.0
10,Altama,2025-08-19 00:00:00,8,1,2025-08-29 00:00:00,2025-08-29 00:00:00,10,Villamor,1,0,1,0,0,0,0,regular,650.0
10,Nike,2025-08-19 00:00:00,8,1,2025-08-29 00:00:00,2025-08-29 00:00:00,10,Villamor,1,0,0,0,0,0,0,regular,650.0
11,Lacoste,2025-08-22 00:00:00,8,4,2025-08-29 00:00:00,2025-08-29 00:00:00,7,Villamor,1,0,0,0,0,0,0,regular,1300.0
11,Cole Haan,2025-08-22 00:00:00,8,4,2025-08-29 00:00:00,2025-08-29 00:00:00,7,Villamor,1,0,0,0,0,0,0,regular,1300.0
11,Nike,2025-08-22 00:00:00,8,4,2025-08-29 00:00:00,2025-08-29 00:00:00,7,Villamor,1,0,0,0,0,0,0,regular,1300.0
11,Adidas,2025-08-22 00:00:00,8,4,2025-08-29 00:00:00,2025-08-29 00:00:00,7,Villamor,1,0,0,0,0,0,0,regular,1300.0
11,Other,2025-08-22 00:00:00,8,4,2025-08-29 00:00:00,2025-08-29 00:00:00,7,Villamor,1,0,0,0,0,0,0,regular,1300.0
12,On Cloud,2025-08-26 00:00:00,8,1,2025-09-04 00:00:00,2025-09-04 00:00:00,9,Villamor,1,0,0,0,0,0,0,regular,1300.0
12,Sperry,2025-08-26 00:00:00,8,1,2025-09-04 00:00:00,2025-09-04 00:00:00,9,Villamor,1,0,0,0,0,0,0,regular,1300.0
12,On Cloud,2025-08-26 00:00:00,8,1,2025-09-04 00:00:00,2025-09-04 00:00:00,9,Villamor,1,0,0,0,0,0,0,regular,1300.0
12,On Cloud,2025-08-26 00:00:00,8,1,2025-09-04 00:00:00,2025-09-04 00:00:00,9,Villamor,1,0,0,0,0,0,0,regular,1300.0
13,Lacoste,2025-08-26 00:00:00,8,1,2025-09-05 00:00:00,2025-09-05 00:00:00,10,Villamor,1,0,0,0,0,0,0,regular,650.0
13,Lacoste,2025-08-26 00:00:00,8,1,2025-09-05 00:00:00,2025-09-05 00:00:00,10,Villamor,1,0,0,0,0,0,0,regular,650.0
14,Other,2025-10-18 00:00:00,10,5,2025-08-02 00:00:00,2025-08-02 00:00:00,0,Villamor,1,0,0,0,0,0,0,regular,1700.0
